insert into
	legislative_body_members
VALUES
('Shri A. Raja','a.raja@sansad.nic.in','B.Sc., B.L., M.L.','50000','621104','1963-05-04','DMK'),
('Shri Narayana Swamy Abbaiah','a.narayanswamy@sansad.nic.in','B.A.','26000','562106','1957-05-16','BJP'),
('Dr. Farooq Abdullah','abdullah@sansad.nic.in','M.B.B.S.','80000','190001','1937-10-21','JKNC'),
('Shri Deepak (Dev) Adhikari','adhikari.deepak@sansad.nic.in','B.E.','40000','700068','1982-12-25','AITC'),
('Shri Dibyendu Adhikari','dibyendu.adhikari@sansad.nic.in','B.A.','51500','721401','1976-12-24','AITC'),
('Adv. A. M. Ariff','am.ariff@sansad.nic.in','BSc., LLB','71000','688002','1964-05-20','CPIM'),
('Smt. Sajda Ahmed','sajda.ahmed@sansad.nic.in','B.A.','52000','711316','1962-06-22','AITC'),
('Shri Satish Kumar Gautam','satish.gautam@sansad.nic.in','Businessperson','100000','202001','1972-07-01','BJP'),
('Shri Vincent H. Pala','vincent.pala@sansad.nic.in','B.E.','24000','793003','1968-02-14','INC'),
('Smt. Smriti Zubin Irani','smritizirani@sansad.nic.in','Open College','160000','400053','1976-03-23','BJP'),
('Shri Durga Das Uikey','durgadas.uikey@sansad.nic.in','M.A, B.Ed.','28000','460001','1963-10-29','BJP'),
('Shri Hibi Eden','hibi.eden@sansad.nic.in','B.Com','13000','682017','1983-04-19','INC'),
('Dr. Tholkappiyan Thirumaavalavan','tt.valavan@sansad.nic.in','B.Sc., MA, B.L., Ph.D','48000','621709','1962-07-10','VCK'),
('Shri Ramesh Chandra Majhi','ramesh.majhi@sansad.nic.in','B.A.','46000','764077','1978-04-09','BJD'),
('Shri Tokheho Yepthomi','tokheho.mp@sansad.nic.in','Graduate','35000','797112','1956-04-01','NDPP'),
('Shri Jagdambika Pal','jagdambika.pal@sansad.nic.in','M.A., LL.B.','61000','272203','1950-10-21','BJP'),
('Shri Omprakash Bhupalsingh alias Pavan Rajenimbalkar,','op.rajenimbalkar@sansad.nic.in','B.E.','42000','413580','1983-07-01','SS'),
('Prof. S.P. Singh Baghel','spsingh.baghel@sansad.nic.in','M.Sc., LL.B. , Ph.D., M.A.','56500','282001','1960-06-21','BJP'),
('Smt. Geeta Kora','geeta.kora@sansad.nic.in','Graduation, M.B.A','30600','833203','1983-09-26','INC'),
('Shri Shrirang Appa Barne','sc.barne@sansad.nic.in','Matric','22000','411033','1964-02-16','SS');

insert into
    lbm_address
VALUES
('621104','Mariamman Kovil Street','Perambalur','Tamil Nadu'),
('562106','Layout Chanpura, Main Road','Bengaluru', 'Karnataka'),
('190001','Gupkar Road','Srinagar','Jammu & Kashmir'),
('700068','Prince Anwar Shaw Road','Kolkata','West Bengal'),
('721401','Karkuli, Contai','Medinipur','West Bengal'),
('688002','Thiruvampady','Alappuzha','Kerala'),
('711316','Uluberia','Howrah','West Bengal'),
('202001','Ram Ghat Road','Aligarh','Uttar Pradesh'),
('793003','Nongrim Hills','Shillong','Meghalaya'),
('400053','Swami Samarth Nagar, 4th Cross Lane','Mumbai','Maharashtara'),
('460001','Arjun Nagar, Ward No. 2','Betul','Madhya Pradesh'),
('682017','Deshabhimani Road','Kaloor','Kerala'),
('621709','Anganur','Ariyalur','Tamil Nadu'),
('764077','Chandahandi','Nabarangpur','Odisha'),
('797112','Naharbari','Dimapur','Nagaland'),
('272203','Naugarh','Siddharth Nagar','Uttar Pradesh'),
('413580','Dhoki Nazi','Osmanabad','Maharashtara'),
('282001','New Shahganj, Saket','Agra','Uttar Pradesh'),
('833203','P.S. Jagannathpur','West Singhbhum','Jharkhand'),
('411033','Thergaon','Pune','Maharashtara');

insert into
	lok_sabha
VALUES
('Shri A. Raja',"TN19",2000,2005,'member'),
('Shri Narayana Swamy Abbaiah',"KA18",2001,1988,'member'),
('Dr. Farooq Abdullah',"JK2",2002,1990,'parliamentary commitee member'),
('Shri Deepak (Dev) Adhikari',"WB32",2003,2008,'member'),
('Shri Dibyendu Adhikari',"WB30",2004,2009,'Leader of opposition'),
('Adv. A. M. Ariff',"KL15",2005,2010,'member'),
('Smt. Sajda Ahmed',"WB26",2006,2011,'Minister'),
('Shri Satish Kumar Gautam',"UP15",2007,2017,'member'),
('Shri Vincent H. Pala',"ML1",2014,2019,'member'),
('Smt. Smriti Zubin Irani',"UP37",2014,2019,'minister'),
('Shri Durga Das Uikey',"MP29",2015,2020,'member'),
('Shri Hibi Eden',"TN27",2015,2020,'parliamentary commitee member');

insert into
	rajya_sabha
VALUES
('Dr. Tholkappiyan Thirumaavalavan',"Tamil Nadu",2000,2005),
('Shri Ramesh Chandra Majhi',"Odisha",2001,1988),
('Shri Tokheho Yepthomi',"Jharkhand",2002,1990),
('Shri Jagdambika Pal',"West Bengal",2003,2008),
('Shri Omprakash Bhupalsingh alias Pavan Rajenimbalkar,',"West Bengal",2004,2009),
('Prof. S.P. Singh Baghel',"Kerela",2005,2010),
('Smt. Geeta Kora',"West Bengal",2006,2011),
('Shri Shrirang Appa Barne',"Uttar Pradesh",2007,2017);

insert into
    party
VALUES
("DMK", "Dravida Munnetra Kazhagam"),
("BJP", "Bharatiya Janata Party"),
("JKNC", "Jammu & Kashmir National Conference"),
("AITC", "All_India Trinamool Congress"),
("CPIM", "Communist Party India (Marxist)"),
("INC", "Indian National Congress"),
("BJD", "Biju Janata Dal"),
("NDPP", "Nationalist Democratic Progressive Party"),
("SS", "Shiv Sena"),
("VCK", "Viduthalai Chiruthaigal Katchi");

insert into
    lbm_phone_numbers (Member_name, Phone_number)
VALUES
('Shri A. Raja','+91222095409'),
('Shri Narayana Swamy Abbaiah','+91956751262'),
('Dr. Farooq Abdullah','+91317001964'),
('Shri Deepak (Dev) Adhikari','+91326766269'),
('Shri Dibyendu Adhikari','+91650807729'),
('Adv. A. M. Ariff','+91469647868'),
('Smt. Sajda Ahmed','+91680876023'),
('Shri Satish Kumar Gautam','+91622476174'),
('Shri Vincent H. Pala','+91853875974'),
('Smt. Smriti Zubin Irani','+91909501263'),
('Shri Durga Das Uikey','+91372470650'),
('Shri Hibi Eden','+91136703637'),
('Dr. Tholkappiyan Thirumaavalavan','+91670810373'),
('Shri Ramesh Chandra Majhi','+91187911727'),
('Shri Tokheho Yepthomi','+91659567243'),
('Shri Jagdambika Pal','+91181177312'),
('Shri Omprakash Bhupalsingh alias Pavan Rajenimbalkar,','+91325816652'),
('Prof. S.P. Singh Baghel','+91838318107'),
('Smt. Geeta Kora','+91407906416'),
('Shri Shrirang Appa Barne','+91278917356');

insert into
    constituency
values
("TN19", "Nilgiris"), 
("KA18", "Chitradurga"), 
("JK2", "Srinagar"), 
("WB32", "Ghatal"), 
("WB30", "Tamluk"), 
("KL15", "Alappuzha"), 
("WB26", "Uluberia"), 
("UP15", "Aligarh"), 
("ML1", "Shillong"), 
("UP37", "Amethi"), 
("MP29", "Betul"), 
("KL12", "Ernakulam"), 
("TN27", "Chidambaram"), 
("OD12", "Nabarangpur"), 
("NL1", "Nagaland"), 
("UP60", "Domariyaganj"), 
("MH40", "Osmanabad"), 
("UP18", "Agra"), 
("JH10", "Singhbhum"), 
("MH33", "Maval");

insert into
    constituency_details
values
("Nilgiris", "Tamil Nadu", 777072), 
("Chitradurga", "Karnataka", 508655), 
("Srinagar", "Jammu & Kashmir", 1586000), 
("Ghatal", "West Bengal", 263466), 
("Tamluk", "West Bengal", 261331), 
("Alappuzha", "Kerala", 2244818), 
("Uluberia", "West Bengal", 229919), 
("Aligarh", "Uttar Pradesh", 1211000), 
("Shillong", "Meghalaya", 460000), 
("Amethi", "Uttar Pradesh", 536796), 
("Betul", "Madhya Pradesh", 1761805), 
("Ernakulam", "Kerala", 3462920), 
("Chidambaram", "Tamil Nadu", 561491), 
("Nabarangpur", "Odisha", 1205900), 
("Nagaland", "Nagaland", 2200000), 
("Domariyaganj", "Uttar Pradesh", 571034), 
("Osmanabad", "Maharashtara", 293911), 
("Agra", "Uttar Pradesh", 2210000), 
("Singhbhum", "Jharkhand", 1677044), 
("Maval", "Maharashtara", 4041);
insert into
    party_details
VALUES
("DMK", "rising sun", 88692),
("BJP", "lotus", 741616),
("JKNC", "jknc", 9745),
("AITC", "two flowers", 128151),
("CPIM", "hammer & sickle", 64442),
("INC", "hand", 488523),
("BJD", "conch", 57779),
("NDPP", "globe", 20296),
("SS", "bow & arrow", 148909),
("VCK", "star", 16233);

insert into
    party_president
VALUES
("Dravida Munnetra Kazhagam", "M. K. Stalin"),
("Bharatiya Janata Party", "Jagat Prakash Nadda"),
("Jammu & Kashmir National Conference", "    Farooq Abdullah"),
("All_India Trinamool Congress", "Subrata Bakshi"),
("Communist Party India (Marxist)", "Sitaram Yechury"),
("Indian National Congress", "Sonia Gandhi"),
("Biju Janata Dal", "Naveen Patnaik"),
("Nationalist Democratic Progressive Party", "Chingwang Konyak"),
("Shiv Sena", "Uddhav Thackeray"),
("Viduthalai Chiruthaigal Katchi", "Thol. Thirumavalavan");

insert into
   election
VALUES
("TN19", 74.01, "Shri A. Raja"), 
("KA18", 70.80, "Shri Narayana Swamy Abbaiah"), 
("JK2", 14.43, "Dr. Farooq Abdullah"), 
("WB32", 82.74, "Shri Deepak (Dev) Adhikari"), 
("WB30", 85.38, "Shri Dibyendu Adhikari"), 
("KL15", 80.35, "Adv. A. M. Ariff"), 
("WB26", 81.18, "Smt. Sajda Ahmed"), 
("UP15", 61.68, "Shri Satish Kumar Gautam"), 
("ML1", 65.48, "Shri Vincent H. Pala"), 
("UP37", 54.08    , "Smt. Smriti Zubin Irani"), 
("MP29", 78.18, "Shri Durga Das Uikey"), 
("KL12", 77.64, "Shri Hibi Eden"), 
("TN27", 77.98, "Dr. Tholkappiyan Thirumaavalavan"), 
("OD12", 79.52, "Shri Ramesh Chandra Majhi"), 
("NL1", 83.00, "Shri Tokheho Yepthomi"), 
("UP60", 52.26, "Shri Jagdambika Pal"), 
("MH40", 63.76, "Shri Omprakash Bhupalsingh alias Pavan Rajenimbalkar"), 
("UP18", 59.12, "Prof. S.P. Singh Baghel"), 
("JH10", 69.26, "Smt. Geeta Kora"), 
("MH33", 59.59, "Shri Shrirang Appa Barne");

insert into
   election_candidates
VALUES
("TN19", "Shri A. Raja"),
("TN19", "M. Thiagarajan"),
("TN19", "Rajendran"),
("TN19", "M. Ramasamy IAS"),
("KA18", "Shri Narayana Swamy Abbaiah"),
("KA18", "B. N. Chandrappa"),
("KA18", "C. U. Mahanthesh"),
("KA18", "N. T. Vijayakumar"),
("JK2", "Dr. Farooq Abdullah"),
("JK2", "Aga Syed Mohsin"),
("JK2", "Irfan Raza Ansari"),
("JK2", "Khalid Jahangir"),
("JK2", "Showkat Hussain Khan"),
("JK2", "Abdual Rashid Ganie"),
("JK2", "Abdul Khaliq Bhat"),
("WB32", "Shri Deepak (Dev) Adhikari"),
("WB32", "Bharati Ghosh"),
("WB32", "Tapan Ganguly"),
("WB32", "Khandakar Mohammad Saifullah"),
("WB30", "Shri Dibyendu Adhikari"),
("WB30", "Siddharth Naskar"),
("WB30", "Sk. Ibrahim Ali"),
("WB30", "Lakshman Chandra Seth"),
("KL15", "Adv. A. M. Ariff"),
("KL15", "Adv Shanimol Usman"),
("KL15", "Dr K S Radhakrishnan"),
("KL15", "KS Shan"),
("WB26", "Smt. Sajda Ahmed"),
("WB26", "Joy Banerjee"),
("WB26", "Maksuda Khatun"),
("WB26", "Shoma Ranishri Roy"),
("WB26", "Durgadas Hajra"),
("UP15", "Shri Satish Kumar Gautam"),
("UP15", "Ajeet Baliyan"),
("UP15", "Bijendra Singh"),
("ML1", "Shri Vincent H. Pala"),
("ML1", "Jemino Mawthoh"),
("ML1", "Sanbor Shuillai"),
("ML1", "T.H.S. Bonney"),
("ML1", "Romeo Phira Rani"),
("ML1", "Samuel Hashah"),
("UP37", "Smt. Smriti Zubin Irani"),
("UP37", "Rahul Gandhi"),
("UP37", "Dhruv Lal"),
("UP37", "Afajal Varis"),
("UP37", "Ram Sajiwan"),
("MP29", "Shri Durga Das Uikey"),
("MP29", "Ramu Tekam"),
("MP29", "Ashok Bhalavi"),
("KL12", "Shri Hibi Eden"),
("KL12", "P Rajeev"),
("KL12", "Alphons Kannanthanam"),
("KL12", "VM Faizal"),
("TN27", "Dr. Tholkappiyan Thirumaavalavan"),
("TN27", "P. Chandrasekar"),
("TN27", "A. Elavarasan"),
("TN27", "M. Siva Jothi"),
("OD12", "Shri Ramesh Chandra Majhi"),
("OD12", "Pradeep Kumar Majhi"),
("OD12", "Balabhadra Majhi"),
("OD12", "Chandradhwaj Majhi"),
("NL1", "Shri Tokheho Yepthomi"),
("NL1", "K.L Chishi"),
("NL1", "Hayithunhg Tungoe"),
("NL1", "Dr. M M Thromwa Konyak"),
("UP60", "Shri Jagdambika Pal"),
("UP60", "Aftab Alam"),
("UP60", "Chandresh Upadhyay"),
("MH40", "Shri Omprakash Bhupalsingh alias Pavan Rajenimbalkar"),
("MH40", "Ranajagjitsinha Padmasinha Patil"),
("MH40", "Arjun Dada Salgar"),
("MH40", "Gore Netaji Nagnathrao"),
("UP18", "Prof. S.P. Singh Baghel"),
("UP18", "Manoj Kumar Soni"),
("UP18", "Preeta Harit"),
("JH10", "Smt. Geeta Kora"),
("JH10", "Laxman Giluwa"),
("MH33", "Shri Shrirang Appa Barne"),
("MH33", "Parth Pawar"),
("MH33", "Rajaram Patil"),
("MH33", "Adv. Kanade Sanjay Kisan");

insert into
   elected_party
VALUES
("DMK", "Shri A. Raja"),
("BJP", "Shri Narayana Swamy Abbaiah"),
("JKNC", "Dr. Farooq Abdullah"),
("AITC", "Shri Deepak (Dev) Adhikari"),
("AITC", "Shri Dibyendu Adhikari"),
("CPIM", "Adv. A. M. Ariff"),
("AITC", "Smt. Sajda Ahmed"),
("BJP", "Shri Satish Kumar Gautam"),
("INC", "Shri Vincent H. Pala"),
("BJP", "Smt. Smriti Zubin Irani"),
("BJP", "Shri Durga Das Uikey"),
("INC", "Shri Hibi Eden"),
("VCK", "Dr. Tholkappiyan Thirumaavalavan"),
("BJD", "Shri Ramesh Chandra Majhi"),
("NDPP", "Shri Tokheho Yepthomi"),
("BJP", "Shri Jagdambika Pal"),
("SS", "Shri Omprakash Bhupalsingh alias Pavan Rajenimbalkar"),
("BJP", "Prof. S.P. Singh Baghel"),
("INC", "Smt. Geeta Kora"),
("SS", "Shri Shrirang Appa Barne");

insert into
    department
values
("New & Renewable Energy", "Dr. Farooq Abdullah", 7789500, "34"),
("Information & Technology", "Shri Hibi Eden", 6128200, "30"),
("Human Resource Development", "Smt. Smriti Zubin Irani", 3892700, "46"),
("Agriculture", "Smt. Sajda Ahmed", 7915000, "60"),
("Education", "Shri Dibyendu Adhikari", 5335200, "54");

insert into
   State_name
VALUES
("Andhra Pradesh", "Y. S. Jagan Mohan Reddy", 2019, 2024),
("Arunachal Pradesh", "Pema Khandu", 2016, 2024),
("Assam", "Himanta Biswa Sarma", 2021, 2026),
("Bihar", "Nitish Kumar", 2015, 2025),
("Chhattisgarh", "Bhupesh Baghel", 2018, 2023),
("Delhi", "Arvind Kejriwal", 2015, 2025),
("Goa", "Pramod Sawant", 2019, 2024),
("Gujarat", "Bhupendrabhai Patel", 2021, 2026),
("Haryana", "Manohar Lal Khattar", 2014, 2024),
("Himachal Pradesh", "Jai Ram Thakur", 2017, 2022),
("Jharkhand", "Hemant Soren", 2019, 2024),
("Karnataka", "Basavaraj Bommai", 2021, 2026),
("Kerala", "Pinarayi Vijayan", 2016, 2026),
("Madhya Pradesh", "Shivraj Singh Chouhan", 2020, 2025),
("Maharashtra", "Uddhav Thackeray", 2019, 2024),
("Manipur", "N. Biren Singh", 2017, 2022), 
("Meghalaya", "Conrad Sangma", 2018, 2023), 
("Mizoram", "Zoramthanga", 2018, 2023),
("Nagaland", "Neiphiu Rio", 2018, 2023),
("Odisha", "Naveen Patnaik", 2000, 2025),
("Puducherry", "N. Rangaswamy", 2021, 2026),
("Punjab", "Charanjit Singh Channi", 2021, 2026),
("Rajasthan", "Ashok Gehlot", 2018, 2023),
("Sikkim", "Prem Singh Tamang", 2019, 2024),
("Tamil Nadu", "M. K. Stalin", 2021, 2026),
("Telangana", "K. Chandrasekhar Rao", 2014, 2024),
("Tripura", "Biplab Kumar Deb", 2018, 2023),
("Uttar Pradesh", "Yogi Adityanath", 2017, 2022),
("Uttarakhand", "Pushkar Singh Dhami", 2021, 2026),
("West Bengal", "Mamata Banerjee", 2011, 2026);

insert into
	represent
VALUES
('DMK','Shri A. Raja',"TN19"),
('BJP','Shri Narayana Swamy Abbaiah',"KA18"),
('JKNC','Dr. Farooq Abdullah',"JK2"),
('AITC','Shri Deepak (Dev) Adhikari',"WB32"),
('AITC','Shri Dibyendu Adhikari',"WB30"),
('CPIM','Adv. A. M. Ariff',"KL15"),
('AITC','Smt. Sajda Ahmed',"WB26"),
('BJP','Shri Satish Kumar Gautam',"UP15"),
('INC','Shri Vincent H. Pala',"ML1"),
('BJP','Smt. Smriti Zubin Irani',"UP37"),
('BJP','Shri Durga Das Uikey',"MP29"),
('INC','Shri Hibi Eden',"TN27");
